﻿<?xml version="1.0" encoding="utf-8"?>
<Macro xmlns:xsi="http://www.w3.org/2001/XMLSchema-instance" xmlns:xsd="http://www.w3.org/2001/XMLSchema">
  <Name>416cCarbine(1.0x)</Name>
  <Guid>90b869c3-c9ea-438d-b055-2ba311899260</Guid>
  <MacroEvents>
    <MacroEvent>
      <Type>2</Type>
      <MouseEvent>
        <MouseButton>1</MouseButton>
        <State>0</State>
      </MouseEvent>
    </MacroEvent>
    <MacroEvent>
      <Type>3</Type>
      <MouseMovement>
        <MouseMovementEvent>
          <Type>3</Type>
          <X>269</X>
          <Y>208</Y>
        </MouseMovementEvent>
      </MouseMovement>
    </MacroEvent>
    <MacroEvent>
      <Type>3</Type>
      <MouseMovement>
        <MouseMovementEvent>
          <Type>3</Type>
          <X>269</X>
          <Y>223</Y>
          <Delay>14</Delay>
        </MouseMovementEvent>
      </MouseMovement>
    </MacroEvent>
    <MacroEvent>
      <Type>3</Type>
      <MouseMovement>
        <MouseMovementEvent>
          <Type>3</Type>
          <X>269</X>
          <Y>237</Y>
          <Delay>14</Delay>
        </MouseMovementEvent>
      </MouseMovement>
    </MacroEvent>
    <MacroEvent>
      <Type>2</Type>
      <MouseEvent>
        <MouseButton>1</MouseButton>
        <State>1</State>
      </MouseEvent>
    </MacroEvent>
    <MacroEvent>
      <Type>2</Type>
      <MouseEvent>
        <MouseButton>1</MouseButton>
        <State>0</State>
      </MouseEvent>
    </MacroEvent>
    <MacroEvent>
      <Type>3</Type>
      <MouseMovement>
        <MouseMovementEvent>
          <Type>3</Type>
          <X>268</X>
          <Y>252</Y>
          <Delay>14</Delay>
        </MouseMovementEvent>
      </MouseMovement>
    </MacroEvent>
    <MacroEvent>
      <Type>3</Type>
      <MouseMovement>
        <MouseMovementEvent>
          <Type>3</Type>
          <X>268</X>
          <Y>266</Y>
          <Delay>14</Delay>
        </MouseMovementEvent>
      </MouseMovement>
    </MacroEvent>
    <MacroEvent>
      <Type>3</Type>
      <MouseMovement>
        <MouseMovementEvent>
          <Type>3</Type>
          <X>268</X>
          <Y>281</Y>
          <Delay>14</Delay>
        </MouseMovementEvent>
      </MouseMovement>
    </MacroEvent>
    <MacroEvent>
      <Type>2</Type>
      <MouseEvent>
        <MouseButton>1</MouseButton>
        <State>1</State>
      </MouseEvent>
    </MacroEvent>
    <MacroEvent>
      <Type>2</Type>
      <MouseEvent>
        <MouseButton>1</MouseButton>
        <State>0</State>
      </MouseEvent>
    </MacroEvent>
    <MacroEvent>
      <Type>3</Type>
      <MouseMovement>
        <MouseMovementEvent>
          <Type>3</Type>
          <X>267</X>
          <Y>295</Y>
          <Delay>14</Delay>
        </MouseMovementEvent>
      </MouseMovement>
    </MacroEvent>
    <MacroEvent>
      <Type>3</Type>
      <MouseMovement>
        <MouseMovementEvent>
          <Type>3</Type>
          <X>267</X>
          <Y>310</Y>
          <Delay>14</Delay>
        </MouseMovementEvent>
      </MouseMovement>
    </MacroEvent>
    <MacroEvent>
      <Type>3</Type>
      <MouseMovement>
        <MouseMovementEvent>
          <Type>3</Type>
          <X>266</X>
          <Y>324</Y>
          <Delay>14</Delay>
        </MouseMovementEvent>
      </MouseMovement>
    </MacroEvent>
    <MacroEvent>
      <Type>2</Type>
      <MouseEvent>
        <MouseButton>1</MouseButton>
        <State>1</State>
      </MouseEvent>
    </MacroEvent>
    <MacroEvent>
      <Type>2</Type>
      <MouseEvent>
        <MouseButton>1</MouseButton>
        <State>0</State>
      </MouseEvent>
    </MacroEvent>
    <MacroEvent>
      <Type>3</Type>
      <MouseMovement>
        <MouseMovementEvent>
          <Type>3</Type>
          <X>266</X>
          <Y>339</Y>
          <Delay>14</Delay>
<!--  FpsMacros  -->
        </MouseMovementEvent>
      </MouseMovement>
    </MacroEvent>
    <MacroEvent>
      <Type>3</Type>
      <MouseMovement>
        <MouseMovementEvent>
          <Type>3</Type>
          <X>265</X>
          <Y>353</Y>
          <Delay>14</Delay>
        </MouseMovementEvent>
      </MouseMovement>
    </MacroEvent>
    <MacroEvent>
      <Type>2</Type>
      <Delay>2</Delay>
      <MouseEvent>
        <MouseButton>1</MouseButton>
        <State>1</State>
      </MouseEvent>
    </MacroEvent>
  </MacroEvents>
  <IsFolder>false</IsFolder>
  <FolderGuid>00000000-0000-0000-0000-000000000000</FolderGuid>
</Macro>