﻿<?xml version="1.0" encoding="utf-8"?>
<Macro xmlns:xsi="http://www.w3.org/2001/XMLSchema-instance" xmlns:xsd="http://www.w3.org/2001/XMLSchema">
  <Name>F2(1.0x)</Name>
  <Guid>619088b3-c882-404a-9191-78e741f9868a</Guid>
  <MacroEvents>
    <MacroEvent>
      <Type>2</Type>
      <MouseEvent>
        <MouseButton>1</MouseButton>
        <State>0</State>
      </MouseEvent>
    </MacroEvent>
    <MacroEvent>
      <Type>3</Type>
      <MouseMovement>
        <MouseMovementEvent>
          <Type>3</Type>
          <X>269</X>
          <Y>179</Y>
        </MouseMovementEvent>
      </MouseMovement>
    </MacroEvent>
    <MacroEvent>
      <Type>3</Type>
      <MouseMovement>
        <MouseMovementEvent>
          <Type>3</Type>
          <X>269</X>
          <Y>201</Y>
          <Delay>14</Delay>
        </MouseMovementEvent>
      </MouseMovement>
    </MacroEvent>
    <MacroEvent>
      <Type>3</Type>
      <MouseMovement>
        <MouseMovementEvent>
          <Type>3</Type>
          <X>269</X>
          <Y>219</Y>
          <Delay>14</Delay>
        </MouseMovementEvent>
      </MouseMovement>
    </MacroEvent>
    <MacroEvent>
      <Type>2</Type>
      <MouseEvent>
        <MouseButton>1</MouseButton>
        <State>1</State>
      </MouseEvent>
    </MacroEvent>
    <MacroEvent>
      <Type>2</Type>
      <MouseEvent>
        <MouseButton>1</MouseButton>
        <State>0</State>
      </MouseEvent>
    </MacroEvent>
    <MacroEvent>
      <Type>3</Type>
      <MouseMovement>
        <MouseMovementEvent>
          <Type>3</Type>
          <X>269</X>
          <Y>237</Y>
          <Delay>14</Delay>
        </MouseMovementEvent>
      </MouseMovement>
    </MacroEvent>
    <MacroEvent>
      <Type>3</Type>
      <MouseMovement>
        <MouseMovementEvent>
          <Type>3</Type>
          <X>269</X>
          <Y>255</Y>
          <Delay>14</Delay>
        </MouseMovementEvent>
      </MouseMovement>
    </MacroEvent>
    <MacroEvent>
      <Type>3</Type>
      <MouseMovement>
        <MouseMovementEvent>
          <Type>3</Type>
          <X>269</X>
          <Y>273</Y>
          <Delay>14</Delay>
        </MouseMovementEvent>
      </MouseMovement>
    </MacroEvent>
    <MacroEvent>
      <Type>2</Type>
      <MouseEvent>
        <MouseButton>1</MouseButton>
        <State>1</State>
      </MouseEvent>
    </MacroEvent>
    <MacroEvent>
      <Type>2</Type>
      <MouseEvent>
        <MouseButton>1</MouseButton>
        <State>0</State>
      </MouseEvent>
    </MacroEvent>
    <MacroEvent>
      <Type>3</Type>
      <MouseMovement>
        <MouseMovementEvent>
          <Type>3</Type>
          <X>269</X>
          <Y>291</Y>
          <Delay>14</Delay>
        </MouseMovementEvent>
      </MouseMovement>
    </MacroEvent>
    <MacroEvent>
      <Type>3</Type>
      <MouseMovement>
        <MouseMovementEvent>
          <Type>3</Type>
          <X>268</X>
          <Y>309</Y>
          <Delay>14</Delay>
        </MouseMovementEvent>
      </MouseMovement>
    </MacroEvent>
    <MacroEvent>
      <Type>3</Type>
      <MouseMovement>
        <MouseMovementEvent>
          <Type>3</Type>
          <X>268</X>
          <Y>326</Y>
          <Delay>14</Delay>
        </MouseMovementEvent>
      </MouseMovement>
    </MacroEvent>
    <MacroEvent>
      <Type>2</Type>
      <MouseEvent>
        <MouseButton>1</MouseButton>
        <State>1</State>
      </MouseEvent>
    </MacroEvent>
    <MacroEvent>
      <Type>2</Type>
      <MouseEvent>
        <MouseButton>1</MouseButton>
        <State>0</State>
      </MouseEvent>
    </MacroEvent>
    <MacroEvent>
      <Type>3</Type>
      <MouseMovement>
        <MouseMovementEvent>
          <Type>3</Type>
          <X>268</X>
          <Y>342</Y>
          <Delay>14</Delay>
        </MouseMovementEvent>
      </MouseMovement>
    </MacroEvent>
    <MacroEvent>
      <Type>3</Type>
      <MouseMovement>
        <MouseMovementEvent>
          <Type>3</Type>
          <X>268</X>
          <Y>358</Y>
          <Delay>14</Delay>
        </MouseMovementEvent>
      </MouseMovement>
    </MacroEvent>
    <MacroEvent>
      <Type>2</Type>
      <Delay>2</Delay>
      <MouseEvent>
        <MouseButton>1</MouseButton>
        <State>1</State>
      </MouseEvent>
    </MacroEvent>
  </MacroEvents>
  <IsFolder>false</IsFolder>
  <FolderGuid>00000000-0000-0000-0000-000000000000</FolderGuid>
</Macro>