﻿<?xml version="1.0" encoding="utf-8"?>
<Macro xmlns:xsi="http://www.w3.org/2001/XMLSchema-instance" xmlns:xsd="http://www.w3.org/2001/XMLSchema">
  <Name>MP5K(1.0x)</Name>
  <Guid>d49754a4-5f45-440d-9449-a425237f8c27</Guid>
  <MacroEvents>
    <MacroEvent>
      <Type>2</Type>
      <MouseEvent>
        <MouseButton>1</MouseButton>
        <State>0</State>
      </MouseEvent>
    </MacroEvent>
    <MacroEvent>
      <Type>3</Type>
      <MouseMovement>
        <MouseMovementEvent>
          <Type>3</Type>
          <X>269</X>
          <Y>397</Y>
        </MouseMovementEvent>
      </MouseMovement>
    </MacroEvent>
    <MacroEvent>
      <Type>3</Type>
      <MouseMovement>
        <MouseMovementEvent>
          <Type>3</Type>
          <X>269</X>
          <Y>409</Y>
          <Delay>14</Delay>
        </MouseMovementEvent>
      </MouseMovement>
    </MacroEvent>
    <MacroEvent>
      <Type>3</Type>
      <MouseMovement>
        <MouseMovementEvent>
          <Type>3</Type>
          <X>269</X>
          <Y>419</Y>
          <Delay>14</Delay>
        </MouseMovementEvent>
      </MouseMovement>
    </MacroEvent>
    <MacroEvent>
      <Type>2</Type>
      <MouseEvent>
        <MouseButton>1</MouseButton>
        <State>1</State>
      </MouseEvent>
    </MacroEvent>
    <MacroEvent>
      <Type>2</Type>
      <MouseEvent>
        <MouseButton>1</MouseButton>
        <State>0</State>
      </MouseEvent>
    </MacroEvent>
    <MacroEvent>
      <Type>3</Type>
      <MouseMovement>
        <MouseMovementEvent>
          <Type>3</Type>
          <X>269</X>
          <Y>429</Y>
          <Delay>14</Delay>
        </MouseMovementEvent>
      </MouseMovement>
    </MacroEvent>
    <MacroEvent>
      <Type>3</Type>
      <MouseMovement>
        <MouseMovementEvent>
          <Type>3</Type>
          <X>269</X>
          <Y>440</Y>
          <Delay>14</Delay>
        </MouseMovementEvent>
      </MouseMovement>
    </MacroEvent>
    <MacroEvent>
      <Type>3</Type>
      <MouseMovement>
        <MouseMovementEvent>
          <Type>3</Type>
          <X>269</X>
          <Y>450</Y>
          <Delay>14</Delay>
        </MouseMovementEvent>
      </MouseMovement>
    </MacroEvent>
    <MacroEvent>
      <Type>2</Type>
      <MouseEvent>
        <MouseButton>1</MouseButton>
        <State>1</State>
      </MouseEvent>
    </MacroEvent>
    <MacroEvent>
      <Type>2</Type>
      <MouseEvent>
        <MouseButton>1</MouseButton>
        <State>0</State>
      </MouseEvent>
    </MacroEvent>
    <MacroEvent>
      <Type>3</Type>
      <MouseMovement>
        <MouseMovementEvent>
          <Type>3</Type>
          <X>269</X>
          <Y>459</Y>
          <Delay>14</Delay>
        </MouseMovementEvent>
      </MouseMovement>
    </MacroEvent>
    <MacroEvent>
      <Type>3</Type>
      <MouseMovement>
        <MouseMovementEvent>
          <Type>3</Type>
          <X>269</X>
          <Y>468</Y>
          <Delay>14</Delay>
        </MouseMovementEvent>
      </MouseMovement>
    </MacroEvent>
    <MacroEvent>
      <Type>3</Type>
      <MouseMovement>
        <MouseMovementEvent>
          <Type>3</Type>
          <X>269</X>
          <Y>477</Y>
          <Delay>14</Delay>
        </MouseMovementEvent>
      </MouseMovement>
    </MacroEvent>
    <MacroEvent>
      <Type>2</Type>
      <MouseEvent>
        <MouseButton>1</MouseButton>
        <State>1</State>
      </MouseEvent>
    </MacroEvent>
    <MacroEvent>
      <Type>2</Type>
      <MouseEvent>
        <MouseButton>1</MouseButton>
        <State>0</State>
      </MouseEvent>
    </MacroEvent>
    <MacroEvent>
      <Type>3</Type>
      <MouseMovement>
        <MouseMovementEvent>
          <Type>3</Type>
          <X>269</X>
          <Y>486</Y>
          <Delay>14</Delay>
        </MouseMovementEvent>
      </MouseMovement>
    </MacroEvent>
    <MacroEvent>
      <Type>3</Type>
      <MouseMovement>
        <MouseMovementEvent>
          <Type>3</Type>
          <X>269</X>
          <Y>496</Y>
          <Delay>14</Delay>
        </MouseMovementEvent>
      </MouseMovement>
    </MacroEvent>
    <MacroEvent>
      <Type>2</Type>
      <Delay>2</Delay>
      <MouseEvent>
        <MouseButton>1</MouseButton>
        <State>1</State>
      </MouseEvent>
    </MacroEvent>
  </MacroEvents>
  <IsFolder>false</IsFolder>
  <FolderGuid>00000000-0000-0000-0000-000000000000</FolderGuid>
</Macro>