<?xml version="1.0" encoding="utf-8"?>
<Macro xmlns:xsi="http://www.w3.org/2001/XMLSchema-instance"
       xmlns:xsd="http://www.w3.org/2001/XMLSchema">
    <Name>TCGS12+RapidFire</Name>
    <Guid>834a6120-423a-417f-9231-5064cdbd4cd2</Guid>
    <MacroEvents>
        <MacroEvent>
            <Type>2</Type>
            <MouseEvent>
                <MouseButton>1</MouseButton>
                <State>0</State>
            </MouseEvent>
        </MacroEvent>
        <MacroEvent>
            <Type>3</Type>
            <Delay>0</Delay>
            <MouseMovement>
                <MouseMovementEvent>
                    <Type>3</Type>
                    <Y>256</Y>
                    <Delay>10</Delay>
                </MouseMovementEvent>
                <MouseMovementEvent>
                    <Type>3</Type>
                    <Y>284</Y>
                    <Delay>10</Delay>
                </MouseMovementEvent>
                <MouseMovementEvent>
                    <Type>3</Type>
                    <Y>312</Y>
                    <Delay>10</Delay>
                </MouseMovementEvent>
            </MouseMovement>
        </MacroEvent>
        <MacroEvent>
            <Type>2</Type>
            <Delay>2</Delay>
            <MouseEvent>
                <MouseButton>1</MouseButton>
                <State>1</State>
            </MouseEvent>
        </MacroEvent>
    </MacroEvents>
</Macro>