﻿<?xml version="1.0" encoding="utf-8"?>
<Macro xmlns:xsi="http://www.w3.org/2001/XMLSchema-instance" xmlns:xsd="http://www.w3.org/2001/XMLSchema">
  <Name>Vector .45</Name>
  <Guid>90b869c3-c9ea-438d-b055-2ba311899260</Guid>
  <MacroEvents>
    <MacroEvent>
      <Type>2</Type>
      <MouseEvent>
        <MouseButton>1</MouseButton>
        <State>0</State>
      </MouseEvent>
    </MacroEvent>
    <MacroEvent>
      <Type>3</Type>
      <MouseMovement>
        <MouseMovementEvent>
          <Type>3</Type>
          <X>269</X>
          <Y>279</Y>
        </MouseMovementEvent>
      </MouseMovement>
    </MacroEvent>
    <MacroEvent>
      <Type>3</Type>
      <MouseMovement>
        <MouseMovementEvent>
          <Type>3</Type>
          <X>269</X>
          <Y>318</Y>
          <Delay>14</Delay>
        </MouseMovementEvent>
      </MouseMovement>
    </MacroEvent>
    <MacroEvent>
      <Type>3</Type>
      <MouseMovement>
        <MouseMovementEvent>
          <Type>3</Type>
          <X>269</X>
          <Y>357</Y>
          <Delay>14</Delay>
        </MouseMovementEvent>
      </MouseMovement>
    </MacroEvent>
    <MacroEvent>
      <Type>2</Type>
      <MouseEvent>
        <MouseButton>1</MouseButton>
        <State>1</State>
      </MouseEvent>
    </MacroEvent>
    <MacroEvent>
      <Type>2</Type>
      <MouseEvent>
        <MouseButton>1</MouseButton>
        <State>0</State>
      </MouseEvent>
    </MacroEvent>
    <MacroEvent>
      <Type>3</Type>
      <MouseMovement>
        <MouseMovementEvent>
          <Type>3</Type>
          <X>269</X>
          <Y>396</Y>
          <Delay>14</Delay>
        </MouseMovementEvent>
      </MouseMovement>
    </MacroEvent>
    <MacroEvent>
      <Type>3</Type>
      <MouseMovement>
        <MouseMovementEvent>
          <Type>3</Type>
          <X>269</X>
          <Y>435</Y>
          <Delay>14</Delay>
        </MouseMovementEvent>
      </MouseMovement>
    </MacroEvent>
    <MacroEvent>
      <Type>3</Type>
      <MouseMovement>
        <MouseMovementEvent>
          <Type>3</Type>
          <X>269</X>
          <Y>474</Y>
          <Delay>14</Delay>
        </MouseMovementEvent>
      </MouseMovement>
    </MacroEvent>
    <MacroEvent>
      <Type>2</Type>
      <MouseEvent>
        <MouseButton>1</MouseButton>
        <State>1</State>
      </MouseEvent>
    </MacroEvent>
    <MacroEvent>
      <Type>2</Type>
      <MouseEvent>
        <MouseButton>1</MouseButton>
        <State>0</State>
      </MouseEvent>
    </MacroEvent>
    <MacroEvent>
      <Type>3</Type>
      <MouseMovement>
        <MouseMovementEvent>
          <Type>3</Type>
          <X>269</X>
          <Y>513</Y>
          <Delay>14</Delay>
        </MouseMovementEvent>
      </MouseMovement>
    </MacroEvent>
    <MacroEvent>
      <Type>3</Type>
      <MouseMovement>
        <MouseMovementEvent>
          <Type>3</Type>
          <X>269</X>
          <Y>552</Y>
          <Delay>14</Delay>
        </MouseMovementEvent>
      </MouseMovement>
    </MacroEvent>
    <MacroEvent>
      <Type>3</Type>
      <MouseMovement>
        <MouseMovementEvent>
          <Type>3</Type>
          <X>269</X>
          <Y>591</Y>
          <Delay>14</Delay>
        </MouseMovementEvent>
      </MouseMovement>
    </MacroEvent>
    <MacroEvent>
      <Type>2</Type>
      <MouseEvent>
        <MouseButton>1</MouseButton>
        <State>1</State>
      </MouseEvent>
    </MacroEvent>
    <MacroEvent>
      <Type>2</Type>
      <MouseEvent>
        <MouseButton>1</MouseButton>
        <State>0</State>
      </MouseEvent>
    </MacroEvent>
    <MacroEvent>
      <Type>3</Type>
      <MouseMovement>
        <MouseMovementEvent>
          <Type>3</Type>
          <X>269</X>
          <Y>630</Y>
          <Delay>14</Delay>
        </MouseMovementEvent>
      </MouseMovement>
    </MacroEvent>
    <MacroEvent>
      <Type>3</Type>
      <MouseMovement>
        <MouseMovementEvent>
          <Type>3</Type>
          <X>269</X>
          <Y>669</Y>
          <Delay>14</Delay>
        </MouseMovementEvent>
      </MouseMovement>
    </MacroEvent>
    <MacroEvent>
      <Type>2</Type>
      <Delay>2</Delay>
      <MouseEvent>
        <MouseButton>1</MouseButton>
        <State>1</State>
      </MouseEvent>
    </MacroEvent>
  </MacroEvents>
  <IsFolder>false</IsFolder>
  <FolderGuid>00000000-0000-0000-0000-000000000000</FolderGuid>
</Macro>